age,income,total_orders,avg_order_value,days_since_last_purchase,income_per_order,sentiment_score,risk_score
58,44592,24,55.75,13,1858.0,1,1
26,126530,49,180.43,53,2582.2448979591836,2,0
20,33905,7,50.25,48,4843.571428571428,1,1
19,103563,49,296.83,102,2113.530612244898,1,1
55,66463,15,233.59,4,4430.866666666667,1,1
35,50379,25,63.76,111,2015.16,1,1
42,42676,12,98.48,184,3556.3333333333335,0,2
64,90217,12,294.09,275,7518.083333333333,0,2
23,102357,38,352.07,151,2693.6052631578946,1,1
20,116673,33,494.83,117,3535.5454545454545,1,1
24,79823,34,219.85,143,2347.735294117647,1,1
28,78520,18,227.44,182,4362.222222222223,0,2
56,113227,49,405.19,88,2310.7551020408164,1,1
47,79735,40,128.32,139,1993.375,1,1
21,60021,25,168.26,17,2400.84,1,1
31,149686,35,224.42,291,4276.742857142857,0,2
43,145957,44,200.01,330,3317.2045454545455,0,2
33,127647,49,241.96,288,2605.0408163265306,0,2
45,147679,40,276.7,299,3691.975,0,2
50,94686,8,269.44,47,11835.75,1,1
58,50969,14,97.53,349,3640.6428571428573,0,2
42,108104,48,237.99,240,2252.1666666666665,0,2
18,119166,49,412.81,59,2431.9591836734694,2,0
25,68469,15,179.82,223,4564.6,0,2
50,129871,47,469.42,92,2763.2127659574467,1,1
58,96540,17,113.62,312,5678.823529411765,0,2
52,132056,15,359.63,272,8803.733333333334,0,2
19,44662,10,51.13,186,4466.2,0,2
54,40322,24,83.18,44,1680.0833333333333,1,1
52,130379,23,380.91,65,5668.652173913043,1,1
28,64741,32,292.16,271,2023.15625,0,2
64,120422,34,289.65,103,3541.823529411765,1,1
46,147914,43,192.35,265,3439.860465116279,0,2
22,74313,40,130.63,11,1857.825,2,0
18,39305,21,27.65,363,1871.6666666666667,0,2
20,142674,19,329.95,170,7509.1578947368425,1,1
60,93624,39,109.11,110,2400.6153846153848,1,1
54,91953,35,257.65,125,2627.2285714285713,1,1
24,42704,14,66.06,338,3050.285714285714,0,2
47,143224,21,171.21,28,6820.190476190476,1,1
24,62591,17,197.98,99,3681.823529411765,1,1
45,54050,15,52.47,143,3603.3333333333335,1,1
46,135909,21,167.71,282,6471.857142857143,0,2
18,42224,6,72.83,122,7037.333333333333,1,1
31,143331,18,207.62,206,7962.833333333333,0,2
42,64760,23,173.06,233,2815.6521739130435,0,2
60,124163,24,216.46,250,5173.458333333333,0,2
21,105914,18,411.79,278,5884.111111111111,0,2
21,106569,47,471.79,245,2267.425531914894,0,2
28,37455,3,130.67,261,12485.0,0,2
56,38907,8,72.49,346,4863.375,0,2
33,105880,17,366.78,305,6228.235294117647,0,2
60,106503,48,260.73,290,2218.8125,0,2
31,117782,30,242.97,161,3926.0666666666666,1,1
60,114607,44,260.66,154,2604.7045454545455,1,1
18,90068,11,96.12,319,8188.0,0,2
50,64760,27,273.79,68,2398.5185185185187,1,1
41,67353,33,263.42,81,2041.0,1,1
57,135788,48,152.74,335,2828.9166666666665,0,2
37,116951,23,242.56,54,5084.826086956522,1,1
65,102512,32,248.61,80,3203.5,1,1
63,74942,21,191.19,105,3568.6666666666665,1,1
21,42097,14,127.82,325,3006.9285714285716,0,2
18,73719,21,115.55,67,3510.4285714285716,1,1
53,122493,50,153.38,219,2449.86,0,2
62,148479,49,162.61,77,3030.183673469388,1,1
55,102420,42,194.61,76,2438.5714285714284,1,1
41,147831,37,223.53,21,3995.4324324324325,2,0
60,43473,25,92.78,182,1738.92,0,2
57,128235,30,452.61,80,4274.5,1,1
44,33248,24,140.18,92,1385.3333333333333,1,1
60,143254,32,205.72,128,4476.6875,1,1
42,144316,45,227.85,20,3207.0222222222224,2,0
40,70001,19,85.21,117,3684.2631578947367,1,1
43,73025,9,292.72,143,8113.888888888889,1,1
40,114080,40,387.83,261,2852.0,0,2
39,33617,9,43.21,60,3735.222222222222,1,1
20,44208,14,64.94,306,3157.714285714286,0,2
45,109457,22,284.82,262,4975.318181818182,0,2
30,63386,32,80.37,23,1980.8125,2,0
61,124297,27,277.48,344,4603.592592592592,0,2
60,73279,25,225.95,320,2931.16,0,2
64,147970,47,258.25,154,3148.2978723404253,1,1
38,82743,23,201.97,357,3597.521739130435,0,2
44,117153,26,365.43,195,4505.884615384615,0,2
43,101819,34,250.42,1,2994.676470588235,2,0
55,109516,35,312.75,336,3129.0285714285715,0,2
61,58010,16,123.19,262,3625.625,0,2
60,41114,17,106.3,146,2418.470588235294,1,1
39,42240,22,60.35,121,1920.0,1,1
27,33201,8,147.91,24,4150.125,1,1
22,89692,17,238.04,213,5276.0,0,2
49,82383,14,224.33,125,5884.5,1,1
24,132029,29,211.56,218,4552.724137931034,0,2
47,36582,8,139.27,286,4572.75,0,2
47,47477,22,89.05,238,2158.0454545454545,0,2
56,71588,37,173.88,227,1934.8108108108108,0,2
46,147598,45,307.52,82,3279.9555555555557,1,1
58,66347,36,217.88,267,1842.9722222222222,0,2
46,40155,8,55.32,147,5019.375,1,1
52,40561,5,50.06,71,8112.2,1,1
63,58043,14,72.99,33,4145.928571428572,1,1
47,84496,18,263.24,32,4694.222222222223,1,1
55,121163,39,316.94,11,3106.74358974359,2,0
37,128759,41,338.38,200,3140.4634146341464,0,2
56,147677,46,226.8,113,3210.3695652173915,1,1
49,33804,11,106.95,200,3073.090909090909,0,2
64,51632,5,147.49,240,10326.4,0,2
19,148872,16,179.38,202,9304.5,0,2
26,143619,26,167.6,237,5523.807692307692,0,2
38,57742,11,63.88,233,5249.272727272727,0,2
35,128567,31,442.22,216,4147.322580645161,0,2
19,128176,18,499.97,277,7120.888888888889,0,2
32,115215,17,413.98,36,6777.35294117647,1,1
30,139999,24,233.49,11,5833.291666666667,1,1
60,44993,7,80.45,289,6427.571428571428,0,2
41,51992,20,145.29,311,2599.6,0,2
28,70768,6,284.36,56,11794.666666666666,1,1
61,149016,40,479.51,193,3725.4,0,2
22,107607,30,185.67,354,3586.9,0,2
61,108697,17,271.52,62,6393.941176470588,1,1
60,78571,37,222.46,36,2123.5405405405404,2,0
44,137784,21,301.73,251,6561.142857142857,0,2
58,146860,24,302.42,236,6119.166666666667,0,2
59,65400,39,250.42,316,1676.923076923077,0,2
45,138230,32,262.81,304,4319.6875,0,2
23,66559,20,245.1,231,3327.95,0,2
57,117580,36,160.04,195,3266.1111111111113,0,2
29,93904,27,255.52,109,3477.925925925926,1,1
35,145385,32,344.53,306,4543.28125,0,2
30,41221,24,72.84,124,1717.5416666666667,1,1
33,120519,46,306.86,244,2619.978260869565,0,2
23,68566,30,232.19,114,2285.5333333333333,1,1
60,106225,45,343.72,189,2360.5555555555557,0,2
45,127771,36,273.13,282,3549.1944444444443,0,2
35,70189,19,106.54,129,3694.157894736842,1,1
38,45670,25,109.72,275,1826.8,0,2
31,126810,32,403.6,248,3962.8125,0,2
56,67093,17,145.17,52,3946.6470588235293,1,1
29,69618,39,107.85,8,1785.076923076923,2,0
21,102529,23,373.25,150,4457.782608695652,1,1
24,144389,33,314.29,7,4375.424242424242,2,0
39,54164,9,142.34,27,6018.222222222223,1,1
25,137756,40,322.11,34,3443.9,2,0
58,119974,24,202.22,28,4998.916666666667,1,1
37,41164,4,92.55,128,10291.0,1,1
56,108135,29,421.49,317,3728.793103448276,0,2
46,149079,34,451.06,227,4384.676470588235,0,2
37,104531,18,363.37,318,5807.277777777777,0,2
31,111987,31,381.15,109,3612.483870967742,1,1
33,52782,3,40.35,283,17594.0,0,2
46,120357,45,251.94,305,2674.6,0,2
36,122662,44,174.91,145,2787.7727272727275,1,1
34,133262,27,298.8,321,4935.62962962963,0,2
32,114886,32,439.32,77,3590.1875,1,1
21,51747,20,117.36,158,2587.35,1,1
36,87560,34,231.51,64,2575.294117647059,1,1
35,95597,36,176.31,277,2655.472222222222,0,2
20,146578,35,361.3,222,4187.942857142857,0,2
23,60005,6,299.91,346,10000.833333333334,0,2
54,35273,16,87.47,90,2204.5625,1,1
35,53788,14,102.52,300,3842.0,0,2
23,91605,31,153.33,179,2955.0,1,1
28,73228,36,143.41,211,2034.111111111111,0,2
53,34809,3,60.89,233,11603.0,0,2
25,131259,47,438.72,207,2792.744680851064,0,2
60,143949,44,294.64,278,3271.568181818182,0,2
51,77419,36,217.59,319,2150.527777777778,0,2
31,65003,13,284.09,282,5000.2307692307695,0,2
62,93532,6,294.09,63,15588.666666666666,1,1
33,123032,34,342.79,82,3618.5882352941176,1,1
44,42217,4,79.99,116,10554.25,1,1
59,139070,46,476.43,79,3023.2608695652175,1,1
50,122459,41,442.15,140,2986.8048780487807,1,1
33,89871,14,164.39,283,6419.357142857143,0,2
50,127818,19,246.69,70,6727.263157894737,1,1
39,133247,32,437.19,260,4163.96875,0,2
64,69132,36,270.36,301,1920.3333333333333,0,2
52,93483,26,201.42,177,3595.5,1,1
42,89682,17,295.77,165,5275.411764705882,1,1
54,80196,31,89.6,120,2586.967741935484,1,1
63,149725,39,495.94,196,3839.102564102564,0,2
49,34852,17,145.5,65,2050.1176470588234,1,1
24,144581,21,334.08,226,6884.809523809524,0,2
18,124692,41,454.83,74,3041.268292682927,1,1
22,91537,26,217.12,136,3520.653846153846,1,1
59,40527,22,131.71,169,1842.1363636363637,1,1
38,112155,49,162.56,250,2288.877551020408,0,2
33,112727,33,499.1,351,3415.969696969697,0,2
45,42903,23,133.44,325,1865.3478260869565,0,2
28,120964,16,166.1,154,7560.25,1,1
36,76984,32,112.03,192,2405.75,0,2
44,104177,26,209.49,350,4006.8076923076924,0,2
57,144142,30,324.18,196,4804.733333333334,0,2
27,60433,21,181.11,237,2877.7619047619046,0,2
47,148123,49,205.29,148,3022.918367346939,1,1
40,107014,42,391.61,154,2547.9523809523807,1,1
37,56111,16,33.86,197,3506.9375,0,2
54,77049,23,298.39,295,3349.9565217391305,0,2
19,138794,40,246.07,338,3469.85,0,2
61,132014,46,441.49,26,2869.8695652173915,2,0
32,109569,29,372.82,181,3778.2413793103447,0,2
34,118835,23,369.89,338,5166.739130434783,0,2
37,133364,17,352.85,226,7844.941176470588,0,2
23,149226,35,411.62,152,4263.6,1,1
30,47322,12,89.01,277,3943.5,0,2
28,63681,23,244.24,247,2768.7391304347825,0,2
25,91385,14,245.91,39,6527.5,1,1
61,124924,40,488.54,346,3123.1,0,2
41,41836,1,54.38,203,41836.0,0,2
47,78311,21,208.6,345,3729.095238095238,0,2
24,118452,45,158.76,120,2632.266666666667,1,1
38,149964,29,376.68,313,5171.172413793103,0,2
62,69608,31,105.67,333,2245.4193548387098,0,2
20,69893,12,101.38,253,5824.416666666667,0,2
26,80940,28,227.51,233,2890.714285714286,0,2
44,106983,41,379.22,80,2609.3414634146343,1,1
57,83492,7,231.86,144,11927.42857142857,1,1
46,88287,28,101.86,121,3153.1071428571427,1,1
52,148187,37,171.19,331,4005.054054054054,0,2
30,46011,3,106.16,233,15337.0,0,2
19,36629,8,148.55,171,4578.625,1,1
31,38992,7,96.23,284,5570.285714285715,0,2
39,131498,15,247.05,76,8766.533333333333,1,1
26,100807,26,188.47,129,3877.1923076923076,1,1
26,31947,8,96.55,184,3993.375,0,2
29,64782,13,243.18,27,4983.2307692307695,1,1
25,127735,45,306.9,33,2838.5555555555557,2,0
50,107812,43,326.34,56,2507.2558139534885,2,0
20,125321,48,255.57,338,2610.8541666666665,0,2
21,92781,32,230.94,206,2899.40625,0,2
63,149236,19,464.74,228,7854.526315789473,0,2
56,49442,5,55.75,34,9888.4,1,1
53,123343,39,498.12,167,3162.641025641026,1,1
36,89469,32,101.82,259,2795.90625,0,2
59,115316,28,300.52,283,4118.428571428572,0,2
44,74424,30,171.52,233,2480.8,0,2
38,85936,21,162.35,161,4092.190476190476,1,1
61,92163,10,262.99,35,9216.3,1,1
45,42656,5,92.33,191,8531.2,0,2
53,103620,22,293.78,169,4710.0,1,1
64,36743,20,60.62,148,1837.15,1,1
54,96507,14,224.48,109,6893.357142857143,1,1
24,75890,28,105.27,285,2710.3571428571427,0,2
54,59643,18,146.69,220,3313.5,0,2
57,118470,50,159.19,330,2369.4,0,2
19,53647,23,119.11,140,2332.478260869565,1,1
40,30800,5,93.62,93,6160.0,1,1
22,48595,1,31.93,325,48595.0,0,2
31,79308,34,155.0,215,2332.5882352941176,0,2
37,124581,20,459.17,167,6229.05,1,1
28,128885,18,385.89,317,7160.277777777777,0,2
46,116761,46,362.48,218,2538.282608695652,0,2
35,58255,4,64.87,263,14563.75,0,2
36,118895,46,334.43,348,2584.6739130434785,0,2
20,58903,20,27.12,203,2945.15,0,2
37,57686,25,53.22,71,2307.44,1,1
25,31013,24,75.99,255,1292.2083333333333,0,2
42,99806,19,190.06,361,5252.9473684210525,0,2
22,82044,32,84.12,22,2563.875,2,0
38,105465,40,398.32,220,2636.625,0,2
36,45096,1,145.61,208,45096.0,0,2
57,90305,28,99.39,354,3225.1785714285716,0,2
33,87104,30,195.27,302,2903.4666666666667,0,2
37,127754,29,266.57,174,4405.310344827586,1,1
22,96910,12,196.73,325,8075.833333333333,0,2
40,76019,14,131.98,331,5429.928571428572,0,2
34,55856,20,39.87,89,2792.8,1,1
29,131298,46,312.38,322,2854.304347826087,0,2
55,88838,25,270.13,349,3553.52,0,2
27,87640,35,177.29,35,2504.0,2,0
35,107518,37,327.57,29,2905.891891891892,2,0
47,89233,8,161.12,20,11154.125,1,1
22,114497,47,284.57,47,2436.1063829787236,2,0
53,133785,43,468.17,22,3111.279069767442,2,0
59,54672,20,81.83,165,2733.6,1,1
21,89050,26,296.12,53,3425.0,1,1
50,114689,17,236.71,89,6746.411764705882,1,1
46,98690,15,160.06,268,6579.333333333333,0,2
42,83578,8,253.63,174,10447.25,1,1
22,73213,40,229.24,49,1830.325,2,0
34,124861,24,266.68,337,5202.541666666667,0,2
60,48537,10,145.8,180,4853.7,1,1
26,107993,20,258.35,363,5399.65,0,2
59,133764,23,384.54,169,5815.826086956522,1,1
23,114675,42,327.97,344,2730.3571428571427,0,2
41,70483,18,155.18,93,3915.722222222222,1,1
30,59693,5,30.03,71,11938.6,1,1
50,131040,48,163.21,277,2730.0,0,2
57,47176,13,40.05,306,3628.923076923077,0,2
62,131069,25,402.41,320,5242.76,0,2
44,77749,20,293.31,347,3887.45,0,2
36,128617,29,336.9,230,4435.068965517241,0,2
48,148485,38,387.41,100,3907.5,1,1
46,90513,29,190.64,145,3121.137931034483,1,1
28,137071,23,455.55,103,5959.608695652174,1,1
59,92991,40,285.54,191,2324.775,0,2
25,67363,15,140.01,43,4490.866666666667,1,1
27,138926,20,481.24,224,6946.3,0,2
46,145950,16,295.21,179,9121.875,1,1
50,79015,29,298.8,121,2724.655172413793,1,1
32,33694,4,129.09,164,8423.5,1,1
27,48035,10,139.26,20,4803.5,1,1
62,138935,45,307.01,72,3087.4444444444443,1,1
23,32490,7,128.55,132,4641.428571428572,1,1
64,109807,42,188.92,271,2614.4523809523807,0,2
33,69472,8,132.46,63,8684.0,1,1
47,38232,16,97.58,57,2389.5,1,1
58,97551,20,238.08,295,4877.55,0,2
45,30205,12,51.27,315,2517.0833333333335,0,2
29,117080,20,333.22,343,5854.0,0,2
22,98951,37,253.01,279,2674.3513513513512,0,2
53,32665,16,25.66,200,2041.5625,0,2
41,63246,27,253.47,9,2342.4444444444443,1,1
33,126068,21,420.03,337,6003.238095238095,0,2
26,35811,18,64.01,181,1989.5,0,2
61,90899,35,218.98,357,2597.114285714286,0,2
22,123853,17,252.7,235,7285.470588235294,0,2
30,146102,35,476.68,22,4174.342857142857,2,0
43,136876,45,238.66,279,3041.688888888889,0,2
36,76789,26,140.11,25,2953.423076923077,1,1
45,146586,43,463.12,205,3408.9767441860463,0,2
39,54486,23,84.68,255,2368.9565217391305,0,2
35,135008,42,177.62,43,3214.4761904761904,2,0
29,101496,35,185.91,151,2899.885714285714,1,1
60,68750,33,212.58,157,2083.3333333333335,1,1
28,120408,37,306.5,228,3254.2702702702704,0,2
57,87008,8,96.51,141,10876.0,1,1
41,97251,15,289.61,348,6483.4,0,2
56,118878,17,194.18,225,6992.823529411765,0,2
59,78015,29,288.88,186,2690.1724137931033,0,2
56,50111,15,143.35,348,3340.733333333333,0,2
46,130019,23,335.31,40,5653.0,1,1
38,115139,30,486.18,143,3837.9666666666667,1,1
65,54385,17,70.31,256,3199.1176470588234,0,2
25,64311,33,127.21,134,1948.8181818181818,1,1
36,120961,27,192.92,252,4480.037037037037,0,2
46,52630,3,125.37,228,17543.333333333332,0,2
60,75537,9,201.0,364,8393.0,0,2
37,141589,26,427.79,81,5445.7307692307695,1,1
32,45907,5,50.78,103,9181.4,1,1
19,77303,28,182.83,284,2760.8214285714284,0,2
26,110209,19,258.25,45,5800.473684210527,1,1
51,83843,9,107.57,210,9315.888888888889,0,2
59,39720,15,108.41,231,2648.0,0,2
26,145075,26,418.72,283,5579.807692307692,0,2
45,95911,12,193.98,29,7992.583333333333,1,1
28,51229,23,49.31,166,2227.3478260869565,1,1
36,140878,31,218.71,41,4544.451612903225,2,0
35,46406,10,99.88,321,4640.6,0,2
50,114015,24,209.92,87,4750.625,1,1
64,148227,36,444.89,310,4117.416666666667,0,2
20,138165,20,165.91,15,6908.25,1,1
34,115344,41,366.34,108,2813.268292682927,1,1
49,146522,49,251.39,322,2990.2448979591836,0,2
48,62096,30,145.44,351,2069.866666666667,0,2
62,37852,15,74.03,81,2523.4666666666667,1,1
31,74589,14,148.77,311,5327.785714285715,0,2
64,142823,40,195.77,177,3570.575,1,1
50,103616,35,234.61,55,2960.457142857143,2,0
35,88929,14,101.3,127,6352.071428571428,1,1
42,143267,41,236.89,316,3494.317073170732,0,2
38,105718,27,417.09,161,3915.4814814814813,1,1
50,91186,24,189.42,256,3799.4166666666665,0,2
43,96249,20,127.33,235,4812.45,0,2
21,36624,16,97.68,145,2289.0,1,1
36,100345,21,300.82,5,4778.333333333333,1,1
64,77943,28,89.95,207,2783.6785714285716,0,2
54,103638,38,343.63,100,2727.315789473684,1,1
42,96093,40,141.54,231,2402.325,0,2
61,110090,23,491.28,61,4786.521739130435,1,1
41,134188,50,478.63,174,2683.76,1,1
30,108966,40,325.03,261,2724.15,0,2
20,47961,16,87.51,171,2997.5625,1,1
56,147064,23,264.79,264,6394.086956521739,0,2
38,51299,20,116.11,202,2564.95,0,2
55,74089,37,197.11,260,2002.4054054054054,0,2
37,92245,28,152.87,9,3294.464285714286,1,1
44,106507,16,358.92,158,6656.6875,1,1
59,132616,29,402.49,297,4572.9655172413795,0,2
48,52349,21,113.75,269,2492.809523809524,0,2
27,137696,30,161.05,349,4589.866666666667,0,2
30,32482,11,74.44,226,2952.909090909091,0,2
62,56724,17,120.75,211,3336.705882352941,0,2
65,125342,23,331.54,32,5449.652173913043,1,1
38,116799,48,281.89,245,2433.3125,0,2
47,149553,36,341.2,273,4154.25,0,2
57,93462,20,141.38,99,4673.1,1,1
32,69008,18,231.85,148,3833.777777777778,1,1
38,92888,40,285.41,179,2322.2,1,1
36,45974,22,90.61,294,2089.7272727272725,0,2
40,131327,33,164.72,75,3979.6060606060605,1,1
40,87983,21,244.41,336,4189.666666666667,0,2
30,138521,32,476.56,276,4328.78125,0,2
26,44316,24,96.29,316,1846.5,0,2
21,117796,29,373.28,272,4061.9310344827586,0,2
24,84172,35,102.12,170,2404.9142857142856,1,1
18,102135,41,378.51,81,2491.0975609756097,1,1
48,115267,33,262.41,103,3492.939393939394,1,1
23,115498,29,337.3,294,3982.689655172414,0,2
29,84773,7,299.38,91,12110.42857142857,1,1
49,54420,2,21.2,149,27210.0,1,1
56,44064,10,79.07,172,4406.4,1,1
51,94738,37,182.96,69,2560.4864864864867,1,1
25,73343,34,222.62,84,2157.1470588235293,1,1
18,126549,33,348.72,173,3834.818181818182,1,1
29,110079,40,439.45,328,2751.975,0,2
38,41368,22,32.4,206,1880.3636363636363,0,2
48,72415,5,137.37,128,14483.0,1,1
46,128796,36,255.68,137,3577.6666666666665,1,1
18,64282,28,232.41,335,2295.785714285714,0,2
60,45495,10,40.76,239,4549.5,0,2
63,130904,22,373.55,160,5950.181818181818,1,1
41,110560,29,485.08,114,3812.4137931034484,1,1
27,89634,28,171.49,311,3201.214285714286,0,2
48,129267,28,416.65,276,4616.678571428572,0,2
23,98879,38,234.83,229,2602.0789473684213,0,2
54,44707,18,137.38,32,2483.722222222222,1,1
54,100341,25,264.84,77,4013.64,1,1
46,45235,7,113.2,349,6462.142857142857,0,2
23,147819,43,433.04,262,3437.6511627906975,0,2
26,97272,34,204.06,213,2860.9411764705883,0,2
47,118181,16,288.58,158,7386.3125,1,1
65,58560,3,25.89,297,19520.0,0,2
62,38357,2,141.5,278,19178.5,0,2
48,34159,14,43.4,147,2439.9285714285716,1,1
59,125589,41,281.06,331,3063.1463414634145,0,2
46,143982,39,178.09,194,3691.846153846154,0,2
26,115660,22,212.47,179,5257.272727272727,1,1
43,99316,19,263.66,66,5227.1578947368425,1,1
37,90686,39,173.31,345,2325.2820512820513,0,2
32,62441,27,114.13,236,2312.6296296296296,0,2
64,130334,17,433.32,58,7666.705882352941,1,1
57,130408,30,222.13,9,4346.933333333333,1,1
56,34400,20,107.36,229,1720.0,0,2
33,127064,40,303.64,23,3176.6,2,0
31,128878,23,326.36,29,5603.391304347826,1,1
32,136926,35,352.12,295,3912.1714285714284,0,2
33,69552,38,128.63,74,1830.3157894736842,1,1
35,37989,19,134.36,286,1999.421052631579,0,2
58,118965,50,323.47,219,2379.3,0,2
59,117994,48,261.56,196,2458.2083333333335,0,2
44,49558,13,43.9,154,3812.153846153846,1,1
48,61584,24,268.66,116,2566.0,1,1
47,149896,50,294.44,30,2997.92,2,0
53,99467,29,133.43,69,3429.896551724138,1,1
39,114765,43,446.5,41,2668.953488372093,2,0
52,124972,18,243.96,98,6942.888888888889,1,1
56,35183,7,124.6,38,5026.142857142857,1,1
64,118008,28,317.79,287,4214.571428571428,0,2
37,149143,28,478.01,8,5326.535714285715,1,1
65,128871,30,393.47,246,4295.7,0,2
43,149947,50,262.57,123,2998.94,1,1
42,91112,27,147.85,274,3374.5185185185187,0,2
50,145711,44,184.51,255,3311.6136363636365,0,2
38,149843,38,259.52,105,3943.2368421052633,1,1
54,143257,24,155.68,114,5969.041666666667,1,1
55,105909,33,203.34,214,3209.3636363636365,0,2
32,79786,20,189.85,292,3989.3,0,2
34,130055,46,311.29,251,2827.282608695652,0,2
28,48344,16,43.93,280,3021.5,0,2
59,37698,2,129.08,269,18849.0,0,2
60,36358,14,37.87,4,2597.0,1,1
22,122690,15,226.55,78,8179.333333333333,1,1
41,37923,21,106.68,317,1805.857142857143,0,2
48,116413,16,152.31,250,7275.8125,0,2
44,31553,17,113.89,9,1856.0588235294117,1,1
36,32246,23,107.62,258,1402.0,0,2
24,42624,5,51.33,269,8524.8,0,2
51,63084,22,254.89,182,2867.4545454545455,0,2
41,83218,20,297.85,236,4160.9,0,2
37,119658,17,182.73,42,7038.705882352941,1,1
42,102443,18,372.86,244,5691.277777777777,0,2
23,95517,26,204.49,223,3673.730769230769,0,2
51,35577,7,137.17,118,5082.428571428572,1,1
48,65532,9,230.57,24,7281.333333333333,1,1
52,103860,17,212.77,337,6109.411764705882,0,2
19,57152,5,117.79,301,11430.4,0,2
22,69226,20,204.67,84,3461.3,1,1
61,147509,36,284.35,277,4097.472222222223,0,2
62,124917,47,410.91,41,2657.808510638298,2,0
21,42803,8,129.03,224,5350.375,0,2
56,130795,40,489.12,315,3269.875,0,2
19,113115,43,321.71,140,2630.5813953488373,1,1
53,79207,16,229.53,222,4950.4375,0,2
23,131209,33,429.32,317,3976.030303030303,0,2
23,65123,29,236.57,79,2245.6206896551726,1,1
65,81068,28,103.44,163,2895.285714285714,1,1
37,88292,22,102.49,185,4013.2727272727275,0,2
29,86489,40,202.04,230,2162.225,0,2
24,33442,12,92.05,46,2786.8333333333335,1,1
56,132817,39,154.32,167,3405.5641025641025,1,1
42,132127,50,466.82,44,2642.54,2,0
54,98302,29,117.29,87,3389.7241379310344,1,1
37,65180,14,93.92,253,4655.714285714285,0,2
35,85194,35,252.19,154,2434.114285714286,1,1
34,62321,36,210.64,321,1731.138888888889,0,2
47,44021,10,20.88,70,4402.1,1,1
39,140311,39,431.43,318,3597.7179487179487,0,2
46,73874,13,146.1,221,5682.615384615385,0,2
62,56326,11,43.09,246,5120.545454545455,0,2
38,68200,36,292.91,356,1894.4444444444443,0,2
38,79290,30,160.3,144,2643.0,1,1
30,107624,26,388.6,280,4139.384615384615,0,2
19,125317,28,303.46,237,4475.607142857143,0,2
62,39064,22,84.91,210,1775.6363636363637,0,2
33,63119,14,237.35,338,4508.5,0,2
22,88860,35,208.09,307,2538.8571428571427,0,2
50,143984,41,340.28,355,3511.8048780487807,0,2
62,147375,20,188.28,275,7368.75,0,2
60,117122,25,376.45,182,4684.88,0,2
54,114545,40,488.38,347,2863.625,0,2
45,43886,4,53.64,6,10971.5,1,1
65,97999,19,178.07,286,5157.8421052631575,0,2
47,131232,47,202.76,348,2792.1702127659573,0,2
48,43703,14,139.67,152,3121.6428571428573,1,1
25,138962,37,259.16,73,3755.7297297297296,1,1
31,98303,27,184.76,248,3640.8518518518517,0,2
64,121326,35,173.51,232,3466.457142857143,0,2
63,45084,11,104.24,12,4098.545454545455,1,1
65,61970,16,201.42,265,3873.125,0,2
53,85885,19,255.51,237,4520.263157894737,0,2
29,113948,42,288.45,337,2713.0476190476193,0,2
30,88926,32,165.54,304,2778.9375,0,2
31,66483,9,207.02,361,7387.0,0,2
29,77945,17,180.66,167,4585.0,1,1
60,143067,48,488.07,251,2980.5625,0,2
56,80939,30,209.14,313,2697.9666666666667,0,2
40,140823,26,434.81,235,5416.2692307692305,0,2
57,107354,23,259.62,44,4667.565217391304,1,1
37,45328,12,110.15,94,3777.3333333333335,1,1
42,84819,13,206.46,306,6524.538461538462,0,2
29,93788,39,232.56,326,2404.8205128205127,0,2
53,51871,10,38.24,251,5187.1,0,2
46,111187,37,483.14,28,3005.054054054054,2,0
26,55575,18,85.71,197,3087.5,0,2
44,119744,41,398.55,252,2920.5853658536585,0,2
49,51922,19,24.01,43,2732.7368421052633,1,1
36,34285,8,89.89,141,4285.625,1,1
47,104140,50,328.78,254,2082.8,0,2
25,65112,28,199.25,279,2325.4285714285716,0,2
64,87850,18,297.75,280,4880.555555555556,0,2
65,138799,30,254.2,335,4626.633333333333,0,2
46,64447,10,176.6,179,6444.7,1,1
33,57509,23,65.58,302,2500.391304347826,0,2
58,86120,13,252.67,85,6624.615384615385,1,1
21,104720,49,248.38,180,2137.1428571428573,1,1
28,72421,23,143.65,361,3148.7391304347825,0,2
50,147985,21,197.46,348,7046.9047619047615,0,2
21,66349,13,234.31,336,5103.7692307692305,0,2
33,49168,11,127.7,365,4469.818181818182,0,2
49,48634,21,54.93,296,2315.904761904762,0,2
42,89243,10,168.63,39,8924.3,1,1
62,144991,44,482.59,189,3295.25,0,2
55,30324,24,146.38,48,1263.5,1,1
22,134291,40,226.24,274,3357.275,0,2
31,94843,25,262.24,138,3793.72,1,1
53,105750,46,425.91,67,2298.913043478261,1,1
20,43051,15,22.12,321,2870.0666666666666,0,2
46,89836,32,124.51,1,2807.375,2,0
59,69566,22,100.53,82,3162.090909090909,1,1
34,40803,22,137.49,191,1854.6818181818182,0,2
21,81949,24,239.72,321,3414.5416666666665,0,2
45,115915,21,150.38,47,5519.761904761905,1,1
22,47393,8,87.53,304,5924.125,0,2
18,31056,11,126.22,357,2823.2727272727275,0,2
62,47324,3,49.76,245,15774.666666666666,0,2
64,135638,21,259.67,53,6458.952380952381,1,1
26,80164,14,95.05,69,5726.0,1,1
18,109995,25,304.03,333,4399.8,0,2
58,128077,41,365.63,78,3123.829268292683,1,1
31,41362,5,117.82,52,8272.4,1,1
64,80335,32,149.19,180,2510.46875,1,1
33,66302,10,134.6,331,6630.2,0,2
56,124526,33,422.64,312,3773.5151515151515,0,2
60,144796,28,331.21,155,5171.285714285715,1,1
30,128021,33,376.16,201,3879.4242424242425,0,2
49,80578,20,189.91,58,4028.9,1,1
22,99243,28,285.46,7,3544.3928571428573,1,1
42,142828,41,277.89,292,3483.609756097561,0,2
48,130973,16,355.58,38,8185.8125,1,1
34,58277,2,143.33,21,29138.5,1,1
50,67550,37,248.76,322,1825.6756756756756,0,2
62,82727,39,198.28,43,2121.2051282051284,2,0
35,40957,3,86.47,159,13652.333333333334,1,1
27,100305,40,355.25,168,2507.625,1,1
37,121576,30,170.27,224,4052.5333333333333,0,2
45,45202,20,99.15,233,2260.1,0,2
60,127215,26,191.81,337,4892.884615384615,0,2
62,31487,16,143.89,84,1967.9375,1,1
51,132627,25,280.15,133,5305.08,1,1
64,146184,16,267.25,61,9136.5,1,1
35,98662,21,236.71,33,4698.190476190476,1,1
58,40101,15,86.4,255,2673.4,0,2
49,142638,25,278.69,291,5705.52,0,2
24,147213,22,229.94,294,6691.5,0,2
18,35772,8,25.98,7,4471.5,1,1
42,49671,2,91.87,92,24835.5,1,1
32,72179,31,281.49,128,2328.3548387096776,1,1
35,138265,38,191.79,40,3638.5526315789475,2,0
29,59253,2,144.03,265,29626.5,0,2
47,143512,34,264.56,145,4220.941176470588,1,1
47,31044,7,57.91,189,4434.857142857143,0,2
65,111620,44,278.9,125,2536.818181818182,1,1
30,126005,30,202.7,280,4200.166666666667,0,2
19,60539,27,219.91,278,2242.185185185185,0,2
39,30191,13,130.37,337,2322.3846153846152,0,2
24,56895,8,74.58,272,7111.875,0,2
27,123277,20,165.37,144,6163.85,1,1
51,84140,28,180.86,359,3005.0,0,2
55,42527,5,102.84,259,8505.4,0,2
22,107580,18,302.24,291,5976.666666666667,0,2
33,68230,25,283.73,134,2729.2,1,1
62,139038,35,308.47,168,3972.5142857142855,1,1
22,56569,25,120.12,70,2262.76,1,1
27,43848,15,80.59,85,2923.2,1,1
25,100244,28,308.17,184,3580.1428571428573,0,2
34,141736,20,205.17,62,7086.8,1,1
63,121341,17,225.26,309,7137.705882352941,0,2
27,41955,8,145.89,365,5244.375,0,2
50,36416,10,53.82,347,3641.6,0,2
19,83004,40,244.58,232,2075.1,0,2
24,90560,13,106.72,53,6966.153846153846,1,1
32,47133,13,68.39,102,3625.6153846153848,1,1
55,106823,19,157.63,133,5622.263157894737,1,1
30,148291,43,433.25,331,3448.6279069767443,0,2
39,46059,15,26.58,22,3070.6,1,1
45,137699,46,160.32,203,2993.4565217391305,0,2
29,76392,16,140.5,110,4774.5,1,1
27,34541,20,100.21,315,1727.05,0,2
49,84000,35,93.42,282,2400.0,0,2
42,47987,7,103.54,215,6855.285714285715,0,2
33,112674,16,496.29,279,7042.125,0,2
48,101371,37,469.44,249,2739.7567567567567,0,2
38,80905,16,85.73,139,5056.5625,1,1
32,33840,2,125.13,144,16920.0,1,1
51,76849,19,294.28,300,4044.684210526316,0,2
33,116096,32,336.79,124,3628.0,1,1
32,105457,37,477.32,199,2850.189189189189,0,2
29,61005,25,257.37,304,2440.2,0,2
55,33697,23,65.72,361,1465.0869565217392,0,2
54,48625,7,128.77,289,6946.428571428572,0,2
52,70508,36,88.35,90,1958.5555555555557,1,1
32,108861,16,334.26,113,6803.8125,1,1
39,110495,23,269.27,104,4804.130434782609,1,1
38,37806,5,96.26,12,7561.2,1,1
25,140949,38,486.2,270,3709.184210526316,0,2
63,116787,21,267.8,203,5561.285714285715,0,2
26,50644,21,144.89,224,2411.6190476190477,0,2
29,122691,37,228.13,288,3315.972972972973,0,2
29,79595,23,108.02,158,3460.6521739130435,1,1
62,105082,17,213.73,201,6181.294117647059,0,2
57,58953,19,33.53,328,3102.7894736842104,0,2
27,73406,20,156.3,40,3670.3,1,1
28,113386,36,306.32,46,3149.6111111111113,2,0
31,62707,9,157.11,355,6967.444444444444,0,2
64,30167,13,76.97,25,2320.5384615384614,1,1
28,145939,46,458.62,212,3172.586956521739,0,2
52,79197,35,253.52,52,2262.7714285714287,2,0
59,129384,29,206.93,352,4461.517241379311,0,2
20,68654,25,137.45,11,2746.16,1,1
22,74801,29,115.4,88,2579.344827586207,1,1
53,147718,36,357.91,48,4103.277777777777,2,0
48,122340,42,479.85,16,2912.8571428571427,2,0
56,146621,25,168.74,223,5864.84,0,2
31,54901,23,92.03,210,2387.0,0,2
34,116585,34,233.14,145,3428.970588235294,1,1
43,104943,46,203.76,282,2281.3695652173915,0,2
18,86047,23,261.26,45,3741.1739130434785,1,1
48,56171,1,46.9,50,56171.0,1,1
23,92071,24,252.67,60,3836.2916666666665,1,1
49,147293,31,181.9,339,4751.387096774193,0,2
42,54232,13,68.02,190,4171.692307692308,0,2
20,64510,34,137.95,226,1897.3529411764705,0,2
54,38079,25,110.54,78,1523.16,1,1
23,117574,49,294.9,177,2399.469387755102,1,1
32,102561,39,436.44,32,2629.769230769231,2,0
52,120055,30,316.69,244,4001.8333333333335,0,2
43,148328,47,349.93,18,3155.9148936170213,2,0
54,118805,24,192.1,318,4950.208333333333,0,2
29,51910,7,36.4,109,7415.714285714285,1,1
23,119538,27,499.04,223,4427.333333333333,0,2
56,63801,9,99.15,164,7089.0,1,1
43,102358,32,331.89,167,3198.6875,1,1
62,111665,48,423.59,301,2326.3541666666665,0,2
44,49613,19,96.43,76,2611.2105263157896,1,1
24,103752,33,453.62,52,3144.0,2,0
44,64620,36,205.85,197,1795.0,0,2
20,52570,13,38.7,142,4043.846153846154,1,1
61,120919,17,288.53,206,7112.882352941177,0,2
62,61139,35,282.58,26,1746.8285714285714,2,0
19,74284,24,141.68,156,3095.1666666666665,1,1
62,119764,29,197.03,51,4129.793103448276,1,1
38,65313,10,121.35,214,6531.3,0,2
44,127117,48,453.52,249,2648.2708333333335,0,2
50,133742,19,258.89,82,7039.0526315789475,1,1
43,47779,19,23.76,269,2514.684210526316,0,2
30,139704,30,161.57,30,4656.8,1,1
41,122357,32,278.92,102,3823.65625,1,1
50,82028,12,229.86,326,6835.666666666667,0,2
41,94066,33,119.07,305,2850.4848484848485,0,2
55,102264,37,207.23,180,2763.891891891892,1,1
65,138903,20,249.77,353,6945.15,0,2
21,51352,25,145.44,293,2054.08,0,2
59,59505,7,54.98,347,8500.714285714286,0,2
50,32628,1,81.63,350,32628.0,0,2
59,52701,1,49.09,308,52701.0,0,2
37,123420,32,298.33,364,3856.875,0,2
40,90161,18,182.67,130,5008.944444444444,1,1
57,82055,11,81.62,300,7459.545454545455,0,2
53,114848,33,254.47,305,3480.242424242424,0,2
48,38367,9,103.28,173,4263.0,1,1
34,115998,34,215.93,365,3411.705882352941,0,2
33,147923,40,381.19,30,3698.075,2,0
64,33336,16,149.67,336,2083.5,0,2
44,83031,7,208.27,199,11861.57142857143,0,2
30,74979,39,220.43,114,1922.5384615384614,1,1
60,76988,24,265.99,260,3207.8333333333335,0,2
29,68506,35,108.15,50,1957.3142857142857,2,0
64,135951,26,481.42,287,5228.884615384615,0,2
59,41704,12,49.03,114,3475.3333333333335,1,1
44,133296,38,241.2,170,3507.7894736842104,1,1
47,141570,45,168.79,61,3146.0,1,1
55,111350,45,461.3,37,2474.4444444444443,2,0
25,143704,39,335.44,349,3684.7179487179487,0,2
21,144143,23,497.32,78,6267.086956521739,1,1
44,104632,24,260.73,235,4359.666666666667,0,2
23,93908,16,148.95,171,5869.25,1,1
18,89251,18,247.46,141,4958.388888888889,1,1
54,130202,46,424.82,82,2830.478260869565,1,1
26,110541,42,291.19,223,2631.9285714285716,0,2
42,30611,18,45.92,20,1700.611111111111,1,1
18,146917,48,216.7,165,3060.7708333333335,1,1
58,126154,29,392.73,128,4350.137931034483,1,1
37,46899,13,85.43,53,3607.6153846153848,1,1
28,38557,10,143.3,24,3855.7,1,1
64,98195,38,154.32,306,2584.0789473684213,0,2
39,148146,37,412.54,251,4003.945945945946,0,2
43,32506,8,114.53,117,4063.25,1,1
31,126216,47,209.14,12,2685.446808510638,2,0
63,115267,39,456.79,20,2955.5641025641025,2,0
52,111675,18,381.69,25,6204.166666666667,1,1
21,120406,41,305.51,60,2936.731707317073,1,1
53,63126,14,125.21,243,4509.0,0,2
37,85164,11,225.75,339,7742.181818181818,0,2
57,109381,23,296.59,359,4755.695652173913,0,2
50,124210,22,248.95,317,5645.909090909091,0,2
49,56037,7,121.13,312,8005.285714285715,0,2
30,76913,31,144.98,361,2481.064516129032,0,2
53,95058,35,152.73,107,2715.942857142857,1,1
18,118032,22,442.33,46,5365.090909090909,1,1
27,41807,3,114.06,262,13935.666666666666,0,2
34,114454,44,496.03,119,2601.2272727272725,1,1
34,90853,11,258.9,26,8259.363636363636,1,1
36,77214,25,173.72,347,3088.56,0,2
24,141574,15,448.2,24,9438.266666666666,1,1
39,76861,22,273.26,225,3493.681818181818,0,2
41,136818,26,189.84,176,5262.2307692307695,1,1
47,65629,35,255.98,198,1875.1142857142856,0,2
25,47368,24,27.62,357,1973.6666666666667,0,2
24,84529,35,256.5,303,2415.114285714286,0,2
29,110127,37,363.98,195,2976.4054054054054,0,2
48,93979,31,176.95,58,3031.5806451612902,2,0
34,115848,15,396.6,161,7723.2,1,1
65,105582,29,492.26,290,3640.7586206896553,0,2
51,98564,11,175.23,353,8960.363636363636,0,2
48,75318,29,112.7,340,2597.1724137931033,0,2
57,37152,21,141.47,6,1769.142857142857,1,1
48,141656,25,176.2,254,5666.24,0,2
38,61574,22,91.08,170,2798.818181818182,1,1
53,114320,40,435.99,194,2858.0,0,2
47,88220,33,99.36,294,2673.3333333333335,0,2
46,71426,36,243.95,61,1984.0555555555557,1,1
24,82879,7,202.57,212,11839.857142857143,0,2
23,133780,34,461.54,310,3934.705882352941,0,2
31,115799,44,482.62,344,2631.7954545454545,0,2
21,137031,44,266.19,115,3114.340909090909,1,1
56,92014,28,237.5,337,3286.214285714286,0,2
24,129525,29,150.77,338,4466.379310344828,0,2
58,134846,50,332.69,150,2696.92,1,1
20,147555,46,199.16,85,3207.717391304348,1,1
24,63330,17,121.26,313,3725.294117647059,0,2
31,89905,26,103.71,98,3457.8846153846152,1,1
20,113000,22,420.25,345,5136.363636363636,0,2
47,116305,47,197.12,302,2474.574468085106,0,2
18,99515,40,285.77,25,2487.875,2,0
48,96628,16,240.71,91,6039.25,1,1
24,80778,25,190.9,337,3231.12,0,2
44,109822,30,245.76,355,3660.733333333333,0,2
36,89355,13,170.8,69,6873.461538461538,1,1
37,140503,50,451.25,360,2810.06,0,2
58,58487,7,101.14,103,8355.285714285714,1,1
61,75258,13,295.89,345,5789.076923076923,0,2
50,101105,35,398.62,356,2888.714285714286,0,2
53,92963,31,228.33,299,2998.8064516129034,0,2
36,145012,15,332.96,217,9667.466666666667,0,2
42,49048,22,27.36,28,2229.4545454545455,1,1
28,67567,21,112.21,350,3217.4761904761904,0,2
62,132807,28,413.76,152,4743.107142857143,1,1
40,136696,21,365.64,232,6509.333333333333,0,2
32,127309,50,286.11,332,2546.18,0,2
62,67701,8,283.83,355,8462.625,0,2
44,133299,35,488.04,351,3808.542857142857,0,2
18,127474,27,367.2,129,4721.259259259259,1,1
32,149470,38,414.29,325,3933.4210526315787,0,2
65,109087,27,252.96,101,4040.259259259259,1,1
61,39760,6,115.56,96,6626.666666666667,1,1
42,35326,9,92.36,220,3925.1111111111113,0,2
28,106544,15,265.7,131,7102.933333333333,1,1
20,50146,20,26.61,166,2507.3,1,1
60,69472,40,158.78,252,1736.8,0,2
51,58830,17,28.86,95,3460.5882352941176,1,1
28,84516,39,168.75,279,2167.076923076923,0,2
32,145788,36,265.87,110,4049.6666666666665,1,1
31,128652,48,316.2,317,2680.25,0,2
59,31153,22,64.98,59,1416.0454545454545,1,1
59,110439,30,485.61,319,3681.3,0,2
42,134360,39,239.81,59,3445.128205128205,2,0
19,149450,38,330.01,265,3932.8947368421054,0,2
46,93806,23,277.62,23,4078.521739130435,1,1
38,97357,11,116.83,43,8850.636363636364,1,1
52,30960,3,47.4,321,10320.0,0,2
61,85601,18,198.31,54,4755.611111111111,1,1
59,137053,24,158.31,37,5710.541666666667,1,1
20,41471,2,43.14,38,20735.5,1,1
53,39232,8,138.43,295,4904.0,0,2
42,89129,30,175.27,323,2970.9666666666667,0,2
42,118250,49,152.06,61,2413.265306122449,1,1
22,129085,17,395.31,300,7593.235294117647,0,2
40,95907,23,253.12,55,4169.869565217391,1,1
56,41338,25,140.47,145,1653.52,1,1
43,137757,16,315.9,339,8609.8125,0,2
32,47875,18,58.35,201,2659.722222222222,0,2
37,118773,38,485.09,332,3125.6052631578946,0,2
53,144657,24,193.13,285,6027.375,0,2
54,108204,49,341.63,202,2208.2448979591836,0,2
37,57532,7,73.65,177,8218.857142857143,1,1
27,51096,8,100.2,95,6387.0,1,1
30,45023,22,123.96,93,2046.5,1,1
53,90458,40,96.09,331,2261.45,0,2
34,42871,24,95.48,102,1786.2916666666667,1,1
40,46805,21,50.49,344,2228.809523809524,0,2
57,39149,11,83.16,100,3559.0,1,1
57,116431,24,347.94,157,4851.291666666667,1,1
38,86139,5,148.91,87,17227.8,1,1
63,126969,42,246.84,329,3023.0714285714284,0,2
26,119073,45,312.0,170,2646.0666666666666,1,1
37,93828,11,118.67,283,8529.818181818182,0,2
23,140335,23,461.95,144,6101.521739130435,1,1
34,126147,19,404.6,321,6639.315789473684,0,2
50,112788,40,419.22,16,2819.7,2,0
20,102298,49,462.9,134,2087.714285714286,1,1
48,115709,38,287.37,77,3044.9736842105262,1,1
64,142350,23,312.65,149,6189.130434782609,1,1
23,82007,37,82.33,187,2216.4054054054054,0,2
57,119674,47,199.13,85,2546.255319148936,1,1
29,104233,24,407.57,290,4343.041666666667,0,2
40,35297,25,83.39,113,1411.88,1,1
34,78422,7,227.09,120,11203.142857142857,1,1
41,80868,34,273.94,241,2378.470588235294,0,2
59,72476,38,219.38,53,1907.2631578947369,2,0
65,64513,39,205.44,297,1654.179487179487,0,2
59,79613,9,193.67,188,8845.888888888889,0,2
32,97681,27,259.79,208,3617.814814814815,0,2
49,133895,15,325.64,247,8926.333333333334,0,2
46,51706,3,86.89,118,17235.333333333332,1,1
31,49692,6,67.09,96,8282.0,1,1
60,60191,26,238.46,213,2315.0384615384614,0,2
61,92759,18,209.97,246,5153.277777777777,0,2
19,61938,13,206.17,23,4764.461538461538,1,1
26,112515,17,461.78,263,6618.529411764706,0,2
21,51802,6,87.16,133,8633.666666666666,1,1
56,103872,16,457.48,327,6492.0,0,2
23,58389,20,149.06,230,2919.45,0,2
28,58752,20,38.55,211,2937.6,0,2
29,111685,47,242.58,338,2376.276595744681,0,2
47,108188,19,230.43,303,5694.105263157895,0,2
26,44230,7,87.95,9,6318.571428571428,1,1
61,85023,11,119.03,77,7729.363636363636,1,1
56,35116,17,117.81,273,2065.6470588235293,0,2
48,116427,49,439.63,67,2376.061224489796,1,1
51,85139,7,233.48,190,12162.714285714286,0,2
32,135159,39,272.68,247,3465.6153846153848,0,2
24,85769,21,184.97,69,4084.2380952380954,1,1
23,67128,39,169.9,307,1721.2307692307693,0,2
18,122949,48,191.24,4,2561.4375,2,0
42,115792,35,293.1,106,3308.342857142857,1,1
27,85846,21,137.49,334,4087.904761904762,0,2
45,104012,32,497.13,188,3250.375,0,2
31,84162,40,186.14,283,2104.05,0,2
53,102733,31,495.98,248,3313.967741935484,0,2
40,131475,40,407.52,362,3286.875,0,2
65,60116,15,102.06,229,4007.733333333333,0,2
43,133033,50,364.91,174,2660.66,1,1
28,81000,5,256.96,326,16200.0,0,2
48,108675,20,172.43,223,5433.75,0,2
41,40490,2,114.18,312,20245.0,0,2
57,116006,33,399.06,267,3515.3333333333335,0,2
21,131398,46,303.64,90,2856.478260869565,1,1
60,135370,33,218.16,266,4102.121212121212,0,2
50,97608,19,215.34,358,5137.263157894737,0,2
41,61359,5,294.64,336,12271.8,0,2
35,132193,37,384.38,205,3572.7837837837837,0,2
55,56255,1,115.8,266,56255.0,0,2
23,102036,50,470.25,146,2040.72,1,1
40,136891,29,362.23,142,4720.379310344828,1,1
47,82947,5,137.44,295,16589.4,0,2
50,43954,3,85.41,287,14651.333333333334,0,2
25,135243,31,456.64,263,4362.677419354839,0,2
34,120989,39,347.11,227,3102.2820512820513,0,2
39,131659,44,463.78,235,2992.25,0,2
48,45239,3,69.75,133,15079.666666666666,1,1
61,121904,35,294.35,118,3482.9714285714285,1,1
51,100208,31,236.89,5,3232.516129032258,2,0
43,118302,19,344.09,176,6226.421052631579,1,1
48,71139,18,276.75,182,3952.1666666666665,0,2
29,127800,27,324.65,350,4733.333333333333,0,2
33,126394,31,222.37,124,4077.2258064516127,1,1
33,139620,37,204.6,317,3773.5135135135133,0,2
25,40287,22,84.05,347,1831.2272727272727,0,2
52,35539,12,100.69,247,2961.5833333333335,0,2
54,143871,46,214.01,141,3127.6304347826085,1,1
35,82150,13,91.91,114,6319.2307692307695,1,1
48,100879,47,271.55,17,2146.3617021276596,2,0
47,45776,17,79.81,358,2692.705882352941,0,2
18,118356,39,353.35,108,3034.769230769231,1,1
41,110318,26,342.0,133,4243.0,1,1
35,91780,26,160.5,314,3530.0,0,2
45,57594,23,117.79,215,2504.086956521739,0,2
43,66651,16,205.71,231,4165.6875,0,2
61,59958,24,55.09,52,2498.25,1,1
53,86651,17,112.09,196,5097.117647058823,0,2
48,135600,26,297.53,5,5215.384615384615,1,1
58,97765,25,252.77,274,3910.6,0,2
34,103680,18,289.44,291,5760.0,0,2
21,58241,16,129.07,131,3640.0625,1,1
46,127595,31,276.34,172,4115.967741935484,1,1
53,136170,37,156.94,132,3680.2702702702704,1,1
40,143687,27,351.9,348,5321.740740740741,0,2
29,132276,37,263.78,146,3575.027027027027,1,1
49,131547,20,283.37,229,6577.35,0,2
47,112799,25,374.2,75,4511.96,1,1
44,112742,40,447.12,314,2818.55,0,2
23,51233,8,60.75,176,6404.125,1,1
63,65058,30,139.67,310,2168.6,0,2
41,128028,48,487.93,301,2667.25,0,2
28,54102,5,114.61,12,10820.4,1,1
65,121841,28,208.42,41,4351.464285714285,1,1
24,38361,18,27.0,243,2131.1666666666665,0,2
51,130269,21,241.86,43,6203.285714285715,1,1
23,115830,34,230.27,200,3406.764705882353,0,2
46,112114,23,334.36,65,4874.521739130435,1,1
19,34607,12,131.85,340,2883.9166666666665,0,2
48,91235,22,200.68,277,4147.045454545455,0,2
62,100685,44,370.87,91,2288.2954545454545,1,1
45,98610,39,148.13,328,2528.4615384615386,0,2
48,100735,20,304.65,117,5036.75,1,1
44,64053,24,82.32,80,2668.875,1,1
26,75073,35,197.72,147,2144.942857142857,1,1
48,69270,32,255.55,5,2164.6875,2,0
32,134433,50,280.78,4,2688.66,2,0
53,87292,20,115.92,203,4364.6,0,2
42,58913,3,74.89,135,19637.666666666668,1,1
51,130209,32,249.64,314,4069.03125,0,2
35,84120,9,120.13,97,9346.666666666666,1,1
25,113478,43,245.25,234,2639.0232558139537,0,2
49,54613,1,39.78,165,54613.0,1,1
19,54371,10,55.0,53,5437.1,1,1
64,31075,3,39.59,120,10358.333333333334,1,1
31,74815,24,252.86,216,3117.2916666666665,0,2
41,90776,7,152.65,357,12968.0,0,2
21,64931,9,199.5,201,7214.555555555556,0,2
30,147401,39,439.89,129,3779.5128205128203,1,1
63,62631,33,134.38,198,1897.909090909091,0,2
30,90402,38,226.52,49,2379.0,2,0
48,81003,24,285.97,349,3375.125,0,2
58,125451,50,332.32,22,2509.02,2,0
48,113692,27,276.15,153,4210.814814814815,1,1
60,58545,8,102.28,58,7318.125,1,1
18,51936,19,35.55,142,2733.4736842105262,1,1
18,35504,23,81.79,298,1543.6521739130435,0,2
27,78679,20,114.69,46,3933.95,1,1
61,111087,18,170.92,174,6171.5,1,1
62,100300,23,320.75,55,4360.869565217391,1,1
53,133358,37,431.93,331,3604.2702702702704,0,2
64,55292,23,69.11,11,2404.0,1,1
34,147789,46,397.32,21,3212.804347826087,2,0
36,101137,46,216.42,357,2198.6304347826085,0,2
52,75569,34,140.57,166,2222.6176470588234,1,1
53,51016,17,40.15,36,3000.9411764705883,1,1
34,100989,44,150.25,188,2295.2045454545455,0,2
42,126161,16,366.91,95,7885.0625,1,1
57,61298,9,224.82,165,6810.888888888889,1,1
42,54886,22,84.68,269,2494.818181818182,0,2
27,110352,35,293.43,145,3152.9142857142856,1,1
25,42616,22,28.67,268,1937.090909090909,0,2
29,144490,27,187.47,17,5351.481481481482,1,1
24,34170,21,128.72,293,1627.142857142857,0,2
51,111785,31,167.18,360,3605.967741935484,0,2
56,124089,15,475.57,37,8272.6,1,1
59,94409,34,256.22,41,2776.735294117647,2,0
41,103140,38,427.99,213,2714.2105263157896,0,2
57,64840,7,241.55,271,9262.857142857143,0,2
22,58298,4,33.16,266,14574.5,0,2
52,80506,17,195.76,98,4735.64705882353,1,1
54,111962,50,412.22,92,2239.24,1,1
65,43829,19,66.54,327,2306.7894736842104,0,2
62,117194,21,208.38,219,5580.666666666667,0,2
53,82632,26,224.66,259,3178.153846153846,0,2
56,88066,25,201.02,181,3522.64,0,2
41,84046,32,261.75,325,2626.4375,0,2
56,61551,39,127.06,289,1578.2307692307693,0,2
65,63303,33,178.45,185,1918.2727272727273,0,2
18,125199,33,358.52,18,3793.909090909091,2,0
26,146696,15,255.12,155,9779.733333333334,1,1
31,142160,16,420.03,162,8885.0,1,1
53,97013,14,100.74,285,6929.5,0,2
40,50461,9,67.72,71,5606.777777777777,1,1
33,60539,24,100.22,132,2522.4583333333335,1,1
54,58499,24,62.21,40,2437.4583333333335,1,1
29,93999,11,210.95,354,8545.363636363636,0,2
20,125786,39,177.47,296,3225.2820512820513,0,2
39,75603,31,284.65,223,2438.8064516129034,0,2
32,127999,15,371.86,335,8533.266666666666,0,2
21,69948,7,150.25,269,9992.57142857143,0,2
27,72838,19,113.7,258,3833.5789473684213,0,2
46,128676,47,181.53,305,2737.7872340425533,0,2
36,133070,24,196.27,202,5544.583333333333,0,2
48,104899,50,289.72,26,2097.98,2,0
43,95774,13,247.65,223,7367.2307692307695,0,2
53,55966,13,104.79,250,4305.076923076923,0,2
53,110739,30,234.81,269,3691.3,0,2
45,72390,10,104.76,351,7239.0,0,2
45,77876,17,150.56,179,4580.941176470588,1,1
59,33172,6,148.39,157,5528.666666666667,1,1
46,111681,43,165.71,75,2597.232558139535,1,1
30,119831,24,415.21,192,4992.958333333333,0,2
25,126938,30,482.13,28,4231.266666666666,1,1
36,31800,23,124.56,176,1382.608695652174,1,1
46,91759,26,125.98,12,3529.1923076923076,1,1
31,56712,17,117.55,280,3336.0,0,2
48,111663,16,281.81,73,6978.9375,1,1
20,63483,8,142.48,88,7935.375,1,1
35,36957,21,142.87,239,1759.857142857143,0,2
42,116556,38,452.5,139,3067.2631578947367,1,1
36,143693,39,230.91,333,3684.4358974358975,0,2
50,123020,35,319.63,51,3514.8571428571427,2,0
52,41537,7,85.08,96,5933.857142857143,1,1
53,123384,17,236.59,12,7257.882352941177,1,1
37,73721,30,243.77,251,2457.366666666667,0,2
40,119694,37,368.83,181,3234.972972972973,0,2
50,66159,21,273.31,32,3150.4285714285716,1,1
53,66725,14,155.19,116,4766.071428571428,1,1
60,47991,24,69.69,45,1999.625,1,1
58,119983,41,234.13,117,2926.4146341463415,1,1
45,70944,26,178.82,310,2728.6153846153848,0,2
31,115520,49,389.42,71,2357.5510204081634,1,1
26,70501,38,280.1,353,1855.2894736842106,0,2
27,116013,25,261.12,290,4640.52,0,2
52,124298,26,261.16,61,4780.692307692308,1,1
64,33864,14,144.96,164,2418.8571428571427,1,1
46,127728,32,203.18,327,3991.5,0,2
24,47241,1,119.12,95,47241.0,1,1
57,64978,19,211.2,311,3419.8947368421054,0,2
61,33418,3,109.46,184,11139.333333333334,0,2
26,95840,35,236.64,310,2738.285714285714,0,2
29,141690,46,315.85,199,3080.217391304348,0,2
30,59658,14,119.39,17,4261.285714285715,1,1
35,84138,17,246.71,114,4949.294117647059,1,1
29,87577,36,231.33,316,2432.6944444444443,0,2
33,86040,7,213.74,208,12291.42857142857,0,2
64,71012,39,195.55,202,1820.820512820513,0,2
51,44328,15,127.51,232,2955.2,0,2
33,97987,30,296.44,276,3266.233333333333,0,2
53,80777,8,121.77,265,10097.125,0,2
43,145919,33,311.47,156,4421.787878787879,1,1
36,110364,48,466.29,28,2299.25,2,0
59,89204,37,104.9,47,2410.9189189189187,2,0
62,101618,40,294.75,70,2540.45,1,1
19,53445,19,136.56,233,2812.8947368421054,0,2
47,41820,11,109.92,129,3801.818181818182,1,1
63,126110,20,189.96,64,6305.5,1,1
58,77571,38,235.6,44,2041.342105263158,2,0
57,50958,18,69.48,194,2831.0,0,2
39,104120,24,206.74,338,4338.333333333333,0,2
29,130814,18,296.85,365,7267.444444444444,0,2
64,130745,33,369.26,229,3961.969696969697,0,2
26,56588,20,119.5,2,2829.4,1,1
47,95225,39,257.64,256,2441.6666666666665,0,2
49,61179,35,179.82,112,1747.9714285714285,1,1
23,108802,15,235.65,308,7253.466666666666,0,2
35,111233,50,437.04,322,2224.66,0,2
21,54227,2,104.93,76,27113.5,1,1
27,141913,34,265.89,17,4173.911764705882,2,0
21,44272,6,40.97,214,7378.666666666667,0,2
57,116628,50,212.1,355,2332.56,0,2
65,105886,17,182.59,185,6228.588235294118,0,2
38,78309,9,246.86,195,8701.0,0,2
22,68382,13,106.85,242,5260.153846153846,0,2
39,99081,38,126.17,212,2607.3947368421054,0,2
57,37626,19,114.86,56,1980.3157894736842,1,1
23,93394,23,173.95,353,4060.608695652174,0,2
34,98864,27,283.96,295,3661.6296296296296,0,2
54,95063,36,188.35,267,2640.6388888888887,0,2
57,60503,23,295.44,363,2630.5652173913045,0,2
25,33143,21,123.58,239,1578.2380952380952,0,2
57,84346,7,153.43,212,12049.42857142857,0,2
58,57831,21,46.15,6,2753.8571428571427,1,1
34,133572,34,255.1,35,3928.5882352941176,2,0
38,130536,22,390.04,4,5933.454545454545,1,1
43,124948,16,441.21,292,7809.25,0,2
39,139291,45,470.66,174,3095.3555555555554,1,1
59,47793,5,101.54,247,9558.6,0,2
39,90616,8,263.72,212,11327.0,0,2
54,125022,35,344.31,348,3572.057142857143,0,2
31,105680,36,429.84,351,2935.5555555555557,0,2
22,49569,1,64.09,144,49569.0,1,1
58,100028,39,215.58,85,2564.8205128205127,1,1
37,122440,17,245.02,162,7202.35294117647,1,1
49,144956,38,308.17,122,3814.6315789473683,1,1
31,98825,16,104.69,155,6176.5625,1,1
30,149715,43,327.1,48,3481.7441860465115,2,0
50,50195,11,140.07,98,4563.181818181818,1,1
37,131650,24,419.32,168,5485.416666666667,1,1
51,118698,28,403.6,68,4239.214285714285,1,1
42,123543,22,151.44,268,5615.590909090909,0,2
61,141165,20,266.65,305,7058.25,0,2
24,98233,24,84.95,338,4093.0416666666665,0,2
58,146933,35,220.19,108,4198.085714285714,1,1
35,99766,33,227.65,164,3023.212121212121,1,1
27,50643,4,21.98,141,12660.75,1,1
53,97378,18,199.36,53,5409.888888888889,1,1
38,65527,23,206.3,73,2849.0,1,1
22,70812,26,198.93,314,2723.5384615384614,0,2
26,33800,22,26.56,242,1536.3636363636363,0,2
21,41287,13,43.27,219,3175.923076923077,0,2
55,112505,43,365.71,354,2616.3953488372094,0,2
39,137143,49,177.49,102,2798.8367346938776,1,1
54,47274,23,80.88,48,2055.391304347826,1,1
37,119715,44,314.69,330,2720.7954545454545,0,2
27,142865,31,469.5,316,4608.548387096775,0,2
29,121699,36,426.07,341,3380.527777777778,0,2
47,93898,9,184.57,16,10433.111111111111,1,1
48,90455,23,248.95,88,3932.8260869565215,1,1
54,46697,4,72.74,261,11674.25,0,2
38,102895,19,427.35,333,5415.526315789473,0,2
47,82535,31,132.49,303,2662.4193548387098,0,2
53,50843,13,28.59,247,3911.0,0,2
62,107459,42,348.52,221,2558.5476190476193,0,2
52,120981,26,381.91,121,4653.115384615385,1,1
65,123311,46,190.01,294,2680.6739130434785,0,2
47,72647,11,260.85,285,6604.272727272727,0,2
37,83188,11,230.81,36,7562.545454545455,1,1
42,72914,8,99.92,254,9114.25,0,2
55,148391,15,414.98,326,9892.733333333334,0,2
46,99632,29,215.43,150,3435.5862068965516,1,1
30,56956,11,58.97,349,5177.818181818182,0,2
45,124082,20,353.95,177,6204.1,1,1
50,82978,23,93.73,66,3607.7391304347825,1,1
21,30110,18,126.7,361,1672.7777777777778,0,2
25,142885,16,232.33,145,8930.3125,1,1
43,111948,39,292.11,163,2870.4615384615386,1,1
52,57684,6,81.73,340,9614.0,0,2
53,80409,31,113.94,185,2593.8387096774195,0,2
26,31520,21,22.04,37,1500.952380952381,1,1
60,87243,10,110.19,70,8724.3,1,1
47,147123,42,368.14,357,3502.9285714285716,0,2
50,85590,33,164.64,283,2593.6363636363635,0,2
29,85675,5,207.15,310,17135.0,0,2
63,95762,31,283.84,138,3089.0967741935483,1,1
41,34385,19,82.82,20,1809.7368421052631,1,1
25,106056,20,199.73,247,5302.8,0,2
35,90940,10,195.14,265,9094.0,0,2
23,62142,9,230.5,242,6904.666666666667,0,2
55,70959,8,278.79,314,8869.875,0,2
18,91455,37,279.33,233,2471.7567567567567,0,2
64,73452,27,291.33,216,2720.4444444444443,0,2
36,51955,23,139.97,19,2258.913043478261,1,1
64,132894,31,171.5,289,4286.903225806452,0,2
55,52161,2,105.32,294,26080.5,0,2
65,111830,33,319.67,14,3388.787878787879,2,0
50,40074,9,37.23,143,4452.666666666667,1,1
35,142441,15,409.5,132,9496.066666666668,1,1
29,149292,24,380.7,303,6220.5,0,2
29,64242,20,186.68,359,3212.1,0,2
20,74937,14,211.02,44,5352.642857142857,1,1
49,128665,39,233.28,212,3299.102564102564,0,2
64,113568,28,352.22,86,4056.0,1,1
21,114182,22,168.38,136,5190.090909090909,1,1
43,92420,35,244.15,155,2640.5714285714284,1,1
32,79781,29,184.41,350,2751.0689655172414,0,2
51,144069,15,251.08,223,9604.6,0,2
42,118931,48,389.01,162,2477.7291666666665,1,1
24,99637,27,290.36,327,3690.259259259259,0,2
57,115467,36,244.61,140,3207.4166666666665,1,1
34,115766,40,311.39,300,2894.15,0,2
64,118065,27,331.98,302,4372.777777777777,0,2
38,101776,15,441.09,6,6785.066666666667,1,1
44,42805,4,109.11,269,10701.25,0,2
32,125060,31,217.58,146,4034.1935483870966,1,1
